Variable associated with cytokine,Cytokine,Estimated effect,Standard error,Raw p-value,q-value
Metabo-time,MDC,0.10056234108442065,0.028891755474003637,0.0039433637914672755,0.11435754995255099
Metabo-time,EGF,-0.14578768507050427,0.0546236570582816,0.01352794914955877,0.19615526266860217
Metabo-time,IP-10,-0.09194157230866278,0.03816600253208015,0.02342221370394817,0.226414732471499
Metabo-time,IL-8,-0.14109687532388024,0.061023927212503486,0.0331706133282053,0.2404869466294884
Days since hospitalization,EGF,-0.03027325086776112,0.00734731916252298,4.3490394520155103e-4,0.010472293459138086
Days since hospitalization,MDC,0.020185063096951866,0.004763899911113011,7.222271351129715e-4,0.010472293459138086
Days since hospitalization,IL-8,-0.034715046271907864,0.010858919823253517,0.004283425680119871,0.041406448241158744
